{
  "dice_coef": [
    0.5191317796707153,
    0.6672974824905396,
    0.7225651741027832,
    0.7591703534126282,
    0.7679607272148132,
    0.8077247738838196,
    0.8127225041389465,
    0.8216831684112549,
    0.8460829257965088,
    0.8649346828460693,
    0.8662799000740051,
    0.8699759840965271,
    0.8673608899116516,
    0.8629662990570068,
    0.8905935287475586,
    0.9014343619346619,
    0.8631674647331238,
    0.8917877078056335,
    0.9138878583908081,
    0.9169618487358093,
    0.8947445154190063,
    0.8643295168876648,
    0.9081015586853027,
    0.92384934425354,
    0.929693341255188,
    0.9274265766143799,
    0.9018592238426208,
    0.908056378364563,
    0.9301895499229431,
    0.9373098015785217,
    0.9383319616317749,
    0.9217520952224731,
    0.8817227482795715,
    0.9331217408180237,
    0.9427118897438049,
    0.9453445076942444,
    0.9437088370323181,
    0.9405444264411926,
    0.9360544681549072,
    0.9017411470413208,
    0.9339548945426941,
    0.9473349452018738,
    0.9511978626251221,
    0.9525461792945862,
    0.9475193619728088,
    0.9442833065986633,
    0.8873403072357178,
    0.9458220601081848,
    0.9529526233673096,
    0.9562795162200928,
    0.9573599696159363,
    0.9537481665611267,
    0.9496065974235535,
    0.9482207894325256,
    0.9507347345352173,
    0.9166727662086487,
    0.9459947347640991,
    0.9567531943321228,
    0.9601021409034729,
    0.9615722298622131,
    0.9590142369270325,
    0.9531068205833435,
    0.9210206270217896,
    0.9317143559455872,
    0.9553107023239136,
    0.9605148434638977,
    0.9631977677345276,
    0.964056670665741,
    0.9627071619033813,
    0.956454873085022,
    0.9551652669906616,
    0.9236054420471191,
    0.9404787421226501,
    0.9583969116210938,
    0.9626679420471191,
    0.9653541445732117,
    0.9660834074020386,
    0.9641762375831604,
    0.9575270414352417,
    0.9572409987449646,
    0.9581146240234375,
    0.959491491317749,
    0.9606826901435852,
    0.9597194194793701,
    0.9602293968200684,
    0.9606219530105591,
    0.9614131450653076,
    0.9614713788032532,
    0.9606456160545349
  ],
  "loss": [
    0.13603129982948303,
    0.06898438185453415,
    0.04352247342467308,
    0.029729874804615974,
    0.02321229688823223,
    0.016902020201086998,
    0.014196175150573254,
    0.012063564732670784,
    0.009794379584491253,
    0.008095522411167622,
    0.007761203218251467,
    0.006945078726857901,
    0.0071085719391703606,
    0.00755795743316412,
    0.00542694516479969,
    0.004761618562042713,
    0.0074576023034751415,
    0.005172337871044874,
    0.0040717353112995625,
    0.0038497443310916424,
    0.004953085444867611,
    0.0067344424314796925,
    0.004194367676973343,
    0.003385602030903101,
    0.003148414893075824,
    0.0032141385599970818,
    0.004500864073634148,
    0.004086408764123917,
    0.0030228609684854746,
    0.002727799117565155,
    0.0026602139696478844,
    0.003729074029251933,
    0.005751113872975111,
    0.002955978037789464,
    0.002478020265698433,
    0.0023478262592107058,
    0.0023771703708916903,
    0.0024729925207793713,
    0.002687950385734439,
    0.004865547642111778,
    0.0028061869088560343,
    0.002244540024548769,
    0.002053419826552272,
    0.0019933960866183043,
    0.0022331869695335627,
    0.002342189196497202,
    0.005761089734733105,
    0.0023216302506625652,
    0.001995221246033907,
    0.0018548384541645646,
    0.0017925761640071869,
    0.0019168781582266092,
    0.0021478873677551746,
    0.0021861130371689796,
    0.00207685143686831,
    0.004260832443833351,
    0.0022599168587476015,
    0.001820793841034174,
    0.001677061663940549,
    0.001630123588256538,
    0.0017297365702688694,
    0.001982765505090356,
    0.003555427072569728,
    0.003198895836248994,
    0.0018655346939340234,
    0.0016543037490919232,
    0.0015535056591033936,
    0.0015136979054659605,
    0.0015782355330884457,
    0.0018049395876005292,
    0.001904312870465219,
    0.003686069743707776,
    0.002455748151987791,
    0.0017384819220751524,
    0.0015526122879236937,
    0.0014541787095367908,
    0.0014224464539438486,
    0.0015115332789719105,
    0.0017791263526305556,
    0.0017714244313538074,
    0.0017136872047558427,
    0.0016774301184341311,
    0.0016432892298325896,
    0.0016486423555761576,
    0.0016697520622983575,
    0.0016341067384928465,
    0.0016015234868973494,
    0.0016070303972810507,
    0.001624717260710895
  ],
  "precision": [
    0.5937825441360474,
    0.7188645601272583,
    0.7577809691429138,
    0.7882290482521057,
    0.7953668236732483,
    0.8266478180885315,
    0.8347635269165039,
    0.840298593044281,
    0.8613399267196655,
    0.8793360590934753,
    0.8807558417320251,
    0.8850886225700378,
    0.8813982605934143,
    0.881809651851654,
    0.9064711332321167,
    0.9167964458465576,
    0.8872740268707275,
    0.9103415012359619,
    0.9284435510635376,
    0.9331732988357544,
    0.9163900017738342,
    0.8927786350250244,
    0.9254035353660583,
    0.9400631785392761,
    0.9448104500770569,
    0.943164587020874,
    0.9252230525016785,
    0.9286206960678101,
    0.9462788105010986,
    0.9533376693725586,
    0.9539778828620911,
    0.9397381544113159,
    0.9105997681617737,
    0.9479334354400635,
    0.9579669237136841,
    0.9604401588439941,
    0.9586681723594666,
    0.9563957452774048,
    0.9521133303642273,
    0.9246626496315002,
    0.9494872093200684,
    0.9609633088111877,
    0.9653574824333191,
    0.9672096967697144,
    0.9619777202606201,
    0.959399402141571,
    0.9146181344985962,
    0.9618391990661621,
    0.9677368998527527,
    0.9706412553787231,
    0.9722627401351929,
    0.9676346778869629,
    0.9646259546279907,
    0.962531566619873,
    0.9658058285713196,
    0.9372513294219971,
    0.960093080997467,
    0.9712170362472534,
    0.9745370149612427,
    0.9762349724769592,
    0.9731742739677429,
    0.9672905206680298,
    0.9434576034545898,
    0.9475760459899902,
    0.9709361791610718,
    0.9758961200714111,
    0.9782655239105225,
    0.9789490103721619,
    0.9776782989501953,
    0.9714891314506531,
    0.9697254300117493,
    0.9429323077201843,
    0.9578672051429749,
    0.9738698601722717,
    0.9777945876121521,
    0.9802494645118713,
    0.981414794921875,
    0.9788388609886169,
    0.9721247553825378,
    0.9726743102073669,
    0.9745845198631287,
    0.9732254147529602,
    0.975704550743103,
    0.9755471348762512,
    0.9751812815666199,
    0.9749305844306946,
    0.9767172336578369,
    0.9761970639228821,
    0.9756550788879395
  ],